id_str,favorite_count,retweet_count,user_verified,user_followers_count,user_listed_count,user_friends_count,user_favourites_count
693204708933160960,793,321,True,35286038,60861,319,707
767223774072676354,569,627,True,57464651,186645,120,21
524941504796962816,94,382,True,2911696,15253,1175,6119
532106726539939841,321,413,True,241680,2378,1202,22515
691809004356501505,909,605,True,12947306,61498,229,0
532206910796468224,105,122,True,2925601,33121,282,1047
551117430345711616,37,153,True,190159,2639,1665,839
520284654755381249,44,115,True,9785903,126039,2752,1373
516420964834611201,34,96,False,82883,2044,271,426
516545908813475841,119,261,False,226290,2309,175415,36262
500377145349521411,161,149,True,1181594,10697,2031,8843
767710245779103744,1034,834,True,57464651,186645,120,21
550131732805328896,146,102,True,1324623,3959,2586,5055
766989078294306816,1617,645,True,11428321,72830,10,2
510906049549705216,27,174,False,70941,1411,0,1
689650617464311813,451,255,True,2349792,44656,4191,10604
565999191982616577,32,110,True,139554,5007,3262,3758
693595814401327104,1137,727,True,11773589,35680,115586,29866
726043971911213057,174,138,True,1328284,9596,114,970
687945926774800385,267,583,True,42930389,140013,3,0
387007120689737729,41,228,True,15468,757,1380,8471
714531423273746432,140,159,False,35422,868,3303,23321
576513463738109954,13,44,True,2524610,14000,2308,667
723365789378584578,205,232,True,1735938,4228,514,280
651809229842608128,2,152,False,6041,161,4666,8517
515519742355185664,22,110,False,8986,163,3885,4457
554343513887105024,60,235,True,14011036,98162,7035,2912
692046121250586624,332,335,True,3841049,30008,724,3301
693696168908423168,263,247,True,57464651,186645,120,21
693554344298467328,412,279,True,46300958,206488,904,18483
531568534066057217,63,149,False,2272,48,96,8
524925730053181440,60,679,True,1287441,9049,410,0
503498696273965056,27,117,True,3337703,13241,337,3135
551099691702956032,136,118,True,11773589,35680,115586,29866
499530130487017472,57,348,True,290370,3966,954,161632
675434959939756032,365,324,True,1196389,13800,462,1590
714598641827246081,144,98,True,223592,2202,982,32592
580320684305416192,11,52,True,58031,1786,2435,5532
767515401831997440,2119,916,True,11428321,72830,10,2
80080680482123777,30,108,True,9785903,126039,2752,1373
545271117355958272,98,134,True,2650393,37581,169,1420
524312881823637504,692,273,True,6278720,17692,428,431
553503184174710784,26,121,True,3076425,23049,553,963
514106273852174337,192,477,True,7520117,44780,1823,785
450341615979069440,85,101,True,5969424,21568,3900,783
525327108520673281,69,98,True,2865330,18549,748,269
692082337333534720,388,252,True,12947306,61498,229,0
532284428542681088,183,312,True,3197635,24616,1146,3
532199717594497024,173,194,True,530458,4301,992,1777
387233034350514176,19,104,False,12025,296,601,5269
692838349036326912,753,311,True,15840086,31545,31410,20075
550038665653542913,121,104,True,2019457,18145,11101,4189
689719109785907200,158,380,True,42930389,140013,3,0
692892472729415680,691,417,True,35286038,60861,319,707
693122199536934912,168,280,True,21799765,123618,1114,749
524185876931162112,294,453,True,43629,1298,416,595
495366618818830336,310,132,False,106475,1614,605,66370
509464457836511232,487,179,True,2480187,2081,865,58197
568589712644026368,538,280,False,46948,1021,1057,16711
407231591191035904,25,132,False,5899,98,889,12490
407254590363426816,286,596,True,3736976,14793,65693,20942
706665777332621314,114,89,True,1068034,14700,123152,16720
689214940679409664,89,260,True,4037972,21356,3,0
407167258452971520,192,160,True,331178,2173,710,16151
550284252672450560,179,164,True,11773589,35680,115586,29866
500303431928922113,58,89,True,1140266,8675,711,8187
549927969032916993,44,95,True,181224,2033,944,2338
387281927427727360,58,326,True,9248,514,1087,49
522782267215982592,58,204,True,2321363,10432,4527,528
519929168864497664,305,270,False,20543,290,752,15031
489829414704648192,21,463,True,203182,779,2517,1642
436089462326849536,251,457,False,3363,14,4660,756
715515982584881152,371,523,True,1140266,8675,711,8187
531530591427391488,47,98,True,17040966,104261,495,536
553184482241814530,109,121,True,101771,2055,1980,42728
767715489485205505,2090,763,True,35286038,60861,319,707
553467311261503488,22,96,False,16510,664,1034,135
553960736964476928,33,257,False,14897,766,2059,63346
519348106836860929,32,161,True,2692971,32552,15028,374
499612545909415938,28,92,True,664337,3305,93,7171
514451906211893248,74,115,True,238248,2647,11,15
489833932813516800,173,1049,True,15565104,96075,1657,4448
538900739880665088,118,150,True,762369,11432,1214,1823
500319801344929795,79,216,True,546139,6345,14337,5261
693806234026188801,145,451,True,3159934,33217,1254,12
514057033419849728,223,161,True,1655943,8018,2289,19532
767360696761905153,2121,554,True,15840086,31545,31410,20075
693711272014155776,124,294,True,24661390,115859,125,150
407161635439013888,26,124,False,1299,3,112,115
366025766183514112,61,453,False,1539132,15725,886,8771
455525437351800832,311,120,True,565705,3035,14612,31085
524977992683237376,23,121,True,233069,2444,484,3143
692134022839955456,1169,492,True,11428321,72830,10,2
745236050407194624,34,90,True,382373,5318,768,117
693934062445187072,561,292,True,57464652,186645,120,21
767300637012951040,580,567,True,42930389,140013,3,0
767068504277344260,1866,2186,True,57464652,186645,120,21
524930671220105216,17,188,True,300652,2578,163,1611
756282236375277568,53,101,True,1797211,32524,661,4863
500327120770301952,148,188,True,121378,2002,4962,9649
523535962962280448,46,119,False,985,45,252,3041
500319675797209088,76,119,False,10128,237,1457,7051
407182466613792768,163,229,True,506658,4617,862,5523
514512849876836352,1199,1333,False,442,4,403,5118
650952376954650629,53,88,True,148806,1918,3809,8
489974591985840128,171,774,True,17647428,117015,908,1194
554722567224049664,49,159,True,3076425,23049,553,963
550003619303788545,783,737,True,5126124,11610,5772,4669
522453569702989824,78,146,False,446433,2625,383075,44898
674713782778654721,963,884,True,1184862,11999,602,1147
580325090367315968,187,1099,True,622262,5244,591,9516
691299810553384960,1058,487,True,12947306,61498,229,0
528237933661544448,349,493,True,15565104,96075,1657,4448
686527768327274497,599,467,True,653404,14869,4,422
689799953330368513,359,350,True,233236,12789,2230,14611
407213757048160256,66,168,False,786,1,1710,423
570405783306944514,188,111,True,11773589,35680,115586,29866
550175324634619904,1377,493,True,554369,2669,9211,20469
524965786059026432,14,92,False,236098,3920,8269,293
407279190913069056,154,149,True,1655943,8018,2289,19532
522321383716818944,17,106,True,7516283,52555,512,298
690137637810761728,317,414,True,42930389,140013,3,0
767528171520524288,698,551,True,9785903,126039,2752,1373
693821069879160832,442,462,True,35286038,60861,319,707
692357775859564544,702,230,True,11428321,72830,10,2
524928119955013632,41,328,True,1287441,9049,410,0
693102023764492288,379,357,True,42930389,140013,3,0
693524179597955072,801,326,True,35286038,60861,319,707
687631811560763392,593,672,True,42930389,140013,3,0
551106923601219585,408,526,True,18974873,67270,269,0
551120768164462592,141,125,True,7637173,33549,1749,5120
500413818368184321,50,100,False,185500,3133,137618,18885
554655549896159233,46,168,False,6872,160,865,28916
572002458647412736,86,155,True,155594,980,116,131
531498841158082562,208,522,True,381843,10486,1814,464
553099685888790528,229,350,True,241680,2378,1202,22515
531531382611513344,49,103,False,236098,3920,8269,293
532281981795848192,1126,1536,True,322057,4057,2605,1999
693490132440129536,612,280,True,35286038,60861,319,707
536105045545472000,341,391,True,8490,239,5257,79505
689529955294777344,597,684,True,42930389,140013,3,0
522815405451407360,54,138,True,740075,2087,11089,31516
524958128392376320,24,133,True,17647428,117015,908,1194
522684367647559681,29,94,True,3197635,24616,1146,3
517487705978966016,265,123,True,2435826,11845,2103,1656
687632433483759616,514,742,True,42930389,140013,3,0
521727831307722753,1418,1234,False,1929199,6413,53,419
500377906305327104,48,144,False,15143,397,597,357
553575232867672064,47,284,True,14011035,98162,7035,2912
553169307824177152,125,198,True,3197635,24616,1146,3
568580363339091968,340,268,False,5931,109,1,275
692581635594694658,1460,744,True,35286038,60861,319,707
759653274605740032,859,702,True,583773,11929,718,125
670380354822348801,486,310,True,1196389,13800,462,1590
764158239089029120,1623,724,True,12947306,61498,229,0
525039784503541760,401,811,True,233069,2444,484,3143
427846006600777729,31,146,True,2911696,15253,1175,6119
489854703321509888,25,208,True,3197635,24616,1146,3
436157173161144321,149,323,False,27006,11,4048,241
692707593991643136,116,315,True,21799765,123618,1114,749
527308173112139776,34,111,True,482804,4362,454,143
407181813174788096,108,160,True,11494515,84636,5667,1221
509152237503778816,250,177,True,6581881,23930,2908,5654
501881262240694272,172,423,False,74314,1705,89472,71830
765631087867367426,2216,768,True,12947306,61498,229,0
536962520477470720,224,260,True,3197635,24616,1146,3
516727880571572225,45,119,True,935138,16709,283,2709
514098803347951616,50,120,False,236098,3920,8269,293
553538058440941568,38,292,True,14011035,98162,7035,2912
546028163134808064,654,486,True,1197034,5415,781,4117
693605375803813889,1622,1229,True,11773589,35680,115586,29866
510908595144519680,43,152,True,1190816,6477,4244,1283
516423807394131968,211,315,True,296792,4093,1178,12718
407197672702214144,102,122,True,394418,3466,2280,50717
757367391202471937,107,194,True,1797211,32524,661,4863
716461257025581056,1071,490,False,56725,482,1970,7476
376874273601630208,1795,2698,False,1656810,14740,0,0
767355611277168642,3237,633,True,35286038,60861,319,707
489902412900343809,257,1127,True,9785903,126039,2752,1373
536827853669941248,200,250,True,3197635,24616,1146,3
689922870689009664,349,396,True,2168740,11960,1175,2347
500290456845299714,119,400,False,32443,447,214,2377
766299560415223808,599,1019,True,42930389,140013,3,0
692440373449396224,257,246,True,57464652,186645,120,21
688757736310484994,798,470,True,12947306,61498,229,0
544698560655400961,143,185,True,47430247,145524,1106,1432
553164985460068352,33,157,True,5952055,26695,28,27
693118410444636161,278,313,True,47430247,145524,1106,1432
689833530197671936,140,280,True,3646846,34498,167,16238
552457656666185728,215,344,True,181224,2033,944,2338
724624672604610562,184,81,False,7313,77,2275,107174
690670464440504320,1997,802,True,12947306,61498,229,0
693509689418588160,735,241,True,15840086,31545,31410,20075
520630231531802624,49,172,True,4155925,18097,6331,10912
693795905049329664,619,477,True,46300960,206488,904,18483
538408710084001793,535,1334,True,666758,3530,3748,7383
532259028152246272,92,103,True,322893,1756,4822,2931
715671763808493569,135,112,False,120010,1006,106487,8718
691632933170450435,774,402,True,11428321,72830,10,2
532197572698320896,51,159,True,5410152,22121,907,1293
688096910217879554,1561,593,True,12947306,61498,229,0
509464217549021184,82,147,True,2131496,13626,61,83
778625026144792577,67,117,True,210051,5503,3942,11126
655432919595548672,3,180,False,70531,216,1696,23485
539254751343681536,37,101,False,6903,281,5829,114215
514098833253748736,63,184,True,1007043,11182,474,1837
535282587325833216,124,106,True,25681,593,2238,29276
693899062098137088,115,417,True,46300960,206488,904,18483
534763214106820608,26,108,True,3197635,24616,1146,3
519965814175567872,70,108,True,1314013,12066,285,4019
535148463609356288,160,289,True,1635350,19094,11628,2014
504478567062056962,41,179,True,4638,243,522,2057
742114513726623744,96,102,True,254407,5050,68,220
693722259740069889,218,664,True,4037972,21356,3,0
538218607822770176,56,150,True,296792,4093,1178,12718
715254040289021952,29,96,True,210051,5503,3942,11126
692451275930234880,917,491,True,12947306,61498,229,0
714755546285477888,99,105,True,225564,1255,918,3877
377519445578895360,161,125,True,1069877,4328,26941,20458
407197113286545409,249,436,False,14275,535,1,12
767668607803359234,1006,889,True,24661390,115859,125,150
689100941119848449,533,560,True,42930389,140013,3,0
516856061182345216,161,118,True,1086840,3651,70,21
727966590084485120,84,112,True,11494515,84636,5667,1221
499366666300846081,32,123,False,420321,3604,353,2724
514039286845698048,901,724,True,1655943,8018,2289,19532
503609826128044032,22,120,False,60514,1152,60,391
491200302365040640,113,283,True,10404097,41769,370,135
716457799392342018,280,131,False,11069,128,12191,13154
693091255685787648,1091,705,True,35286038,60861,319,707
706933939953344514,88,98,False,23914,410,12787,20690
547509900130021377,206,123,True,28874,534,1321,1032
767823175480647681,3318,1741,True,4154763,41087,1506,71
407184707118309376,445,489,True,11773589,35680,115586,29866
714560810266132480,265,201,True,1814406,16577,198,33
526459255147491328,237,297,True,3588963,33385,6924,2506
535315394127728641,90,104,True,5410152,22121,907,1293
537976883150077952,450,604,True,3076425,23049,553,963
553518472798683136,39,194,True,14011037,98162,7035,2912
514081464171102208,227,422,True,2200564,10931,729,26497
532255606623989760,99,155,True,1232150,8404,2476,3913
722885778448121857,106,92,True,254407,5050,68,220
521777301470871553,29,119,False,36781,397,276,566
691380348379201536,2111,733,True,12947306,61498,229,0
524699123971534848,83,106,True,11773589,35680,115586,29866
501785003144273921,93,348,True,100177,1864,2768,6036
516345893139001346,693,1350,True,58691,870,1741,131087
707786906189303808,2736,1826,False,13486,23,6,2855
507263441359613953,108,139,True,18974873,67270,269,0
534205316620382208,51,134,False,236098,3920,8269,293
531543620856197121,389,340,True,18974873,67270,269,0
656361703664451585,192,244,True,19373,365,1665,7619
691976624665919488,408,300,True,2955311,15522,6616,4319
514109888138842113,250,194,True,1655943,8018,2289,19532
726442550266044416,136,100,True,241703,3236,31866,6102
518192429153783808,150,110,True,81290,996,5828,40265
692816955837804544,510,269,True,578210,7341,650,3062
514468018970034176,81,123,True,6581881,23930,2908,5654
524930365400821761,178,527,True,57464652,186645,120,21
691064699853606913,430,396,True,1797211,32524,661,4863
514478918636535808,667,505,True,7520118,44780,1823,785
752875379765968897,276,198,False,16683,800,17253,4359
553501357156876290,168,613,True,42930389,140013,3,0
538010064591028224,412,423,False,5268,91,15,22
524961721744900097,133,727,True,1287441,9049,410,0
552498516225179650,272,354,True,6581881,23930,2908,5654
509077805296914432,26,120,False,9065,274,7518,66942
525041127343550464,44,104,True,26062,367,2237,121699
729647367457230850,106,156,True,15953908,59093,5292,10330
740791134146965504,317,211,True,368263,2629,17195,40063
655812191233417216,289,389,False,47529,318,42601,3
387009577763360768,56,334,True,2188946,15573,17806,36675
767520433247809536,9749,1562,True,4073706,34775,628,2305
348209998565879810,80,102,False,138507,2537,79684,57589
693533469922693120,1117,363,True,15840086,31545,31410,20075
532276693931945984,70,156,True,6314707,38762,339,133
690145844318834689,321,365,True,3646846,34498,167,16238
755447443009916929,36,108,True,721068,7336,686,4590
757190314880884736,82,116,False,49818,765,4373,17724
553008832784642048,498,727,True,583340,4432,1180,1731
407236151167025152,595,823,False,60279,23,44721,186
693600369281253376,779,285,True,35286038,60861,319,707
778681502825451520,58,99,True,382373,5318,768,117
436146437530075136,482,522,False,123638,651,35487,6763
510918747188514816,77,298,True,18974873,67270,269,0
427924694663454720,23,114,True,7520117,44780,1823,785
380140114552188928,57,143,True,11773589,35680,115586,29866
532928419051622400,103,210,True,42930389,140013,3,0
692105324111761408,858,846,True,57464652,186645,120,21
407248574099894272,457,990,True,11773589,35680,115586,29866
705092738224525312,128,184,False,236098,3920,8269,293
524961908903149568,40,210,True,9531489,88104,560,6
523123023646175233,75,255,True,2321363,10432,4527,528
80084555733803009,31,194,True,9785903,126039,2752,1373
518981379963777025,47,125,True,15423187,60462,528,32
693272659447119873,817,479,True,47430247,145524,1106,1432
531648145613398016,2325,1980,True,618110,1468,2040,52069
551575491430211584,325,447,True,18974873,67270,269,0
504387128013246465,196,311,True,7520117,44780,1823,785
553212962044149761,30,94,True,9531489,88104,560,6
544154048950435840,79,101,True,1635350,19094,11628,2014
524586367456919552,46,101,True,1635350,19094,11628,2014
761381302260031489,5255,1609,True,12947306,61498,229,0
692780496590254081,2939,1412,True,35286038,60861,319,707
551159366876147714,66,182,True,14011037,98162,7035,2912
536547921542791170,1093,1241,True,3197635,24616,1146,3
693830499047989248,85,363,True,18974873,67270,269,0
524168442841010176,59,169,True,3197635,24616,1146,3
523126268603031552,181,328,True,1147107,11352,6,6
273182568298450945,89,351,True,11428321,72830,10,2
692746621218656258,167,622,True,4037972,21356,3,0
521098692326350848,65,176,True,27805285,120719,71,13
693785810311778304,327,303,True,17040966,104261,495,536
538137715293061120,483,667,True,3076426,23049,553,963
775672628493357057,527,452,True,2140714,5626,2059,16096
509084603617792001,44,153,False,9065,274,7518,66942
554979642210549760,45,209,True,14011037,98162,7035,2912
489841070818488320,30,230,True,3197635,24616,1146,3
733242244522725376,77,126,False,78278,588,38189,339209
407188779255222273,125,139,True,6644775,25713,5967,7649
528822281972498432,79,105,False,93630,1000,63542,68539
560442390805090307,3219,1566,True,146593,3104,2,6843
761027420849745920,2856,608,True,144213,7232,653,1236
693465666259656705,334,579,True,42930389,140013,3,0
764653644138450945,4417,1274,True,12947306,61498,229,0
687734662249246724,647,439,True,11773589,35680,115586,29866
531526274003771392,49,118,True,9531489,88104,560,6
693240976970752004,1488,887,True,15840086,31545,31410,20075
524929106987991040,14,187,True,214710,2905,268,681
523558773345255424,39,107,False,1119,29,510,4823
525301290218553344,109,122,False,236098,3920,8269,293
499456140044824576,18,155,True,7365,410,2108,12952
490080544949276672,112,420,True,17647428,117015,908,1194
525024066152169473,70,413,True,1287441,9049,410,0
519962130859429888,506,386,True,78054478,119934,47,7
707332312724283392,50,125,True,431966,2764,16841,42459
489887806018183168,22,104,False,420321,3604,353,2724
500394061887709184,71,118,True,237614,3422,1759,30918
518620083342835712,49,168,True,43941,2509,5979,37433
714555825122107392,187,139,False,1774,116,3822,53461
537355288295518210,94,270,False,3702,105,1356,7445
761675705956655109,1204,789,True,2168740,11960,1175,2347
364589696573124609,55,334,False,1539132,15725,886,8771
407192370040803329,287,300,True,6781679,19416,1199,6714
724661834419048448,102,95,False,1138,44,359,433585
742012307694223361,203,206,True,241703,3236,31866,6102
644321231618076673,97,343,True,565320,8553,13,8
692759090469212160,834,428,True,11428321,72830,10,2
688763993633107968,728,523,True,12947306,61498,229,0
555072815154475008,36,106,True,15423187,60462,528,32
528389559441444864,62,122,False,233268,997,199227,23761
500286058664579072,47,162,True,9785903,126039,2752,1373
538847758032310272,29,117,True,6514,363,714,1032
509466295344304129,25,94,True,2419434,51176,273,1699
693411834808946688,268,255,True,11494515,84636,5667,1221
693032076543655936,193,446,True,27805285,120719,71,13
763524712853102596,109,202,False,107997,402,97632,12001
523026678419714048,206,219,True,5969424,21568,3900,783
524958992330522624,53,159,True,860299,7702,73,468
489800427152879616,96,545,True,15565103,96075,1657,4448
557885928417816576,141,124,True,10499,256,668,1066
517053056211357696,30,163,True,723975,3183,1393,4528
553136604882014208,184,314,True,2865330,18549,748,269
436001434212249600,29,111,False,70196,1194,5311,4574
534409916560461825,61,166,True,7516283,52555,512,298
527138218505175040,91,93,True,484072,4261,101,2340
538729383662338049,252,346,True,1033749,8649,970,56349
532297096356167680,340,379,True,11773589,35680,115586,29866
538193964479045633,216,321,True,478693,1680,6743,55110
427690961280696320,67,251,True,11494515,84636,5667,1221
501934077612941312,54,284,True,411485,5389,1346,20
742050150307246080,114,116,False,52240,1331,33113,33416
500363740311982081,147,203,True,232832,3385,17597,29529
691986377584549888,246,241,True,57464652,186645,120,21
692727606718824448,864,504,True,35286038,60861,319,707
693549273468764160,295,330,True,46300960,206488,904,18483
386998038004113409,17,192,True,14578,633,773,1147
525009850104037376,179,287,True,300652,2578,163,1611
728013148788154368,158,264,True,256087,3312,16429,2904
687786822475366401,664,290,True,11773589,35680,115586,29866
521835345059389440,102,175,True,499700,2741,923,1085
524152657783820288,36,106,True,480060,573,2745,3392
427831952826449920,21,108,False,1539132,15725,886,8771
552661209204260864,250,357,True,15423186,60462,528,32
513749585391390720,214,229,True,285146,1997,280,526
489798752358916096,12,124,True,209034,3586,2192,992
534303066867367937,47,129,True,3197635,24616,1146,3
522534012544638976,138,153,True,2892376,45779,145,259
348203818741272576,33,163,False,12757,198,312,1028
725983128444129280,187,248,False,189027,1305,28625,39488
684878165714563072,167,260,True,980118,37889,2331,5538
520244836084228096,61,115,True,9785903,126039,2752,1373
658755852199927808,39,86,True,382373,5318,768,117
427662266993889280,32,119,True,1111234,14455,2356,302
693185488644149248,262,336,True,21799765,123618,1114,749
568075025418317826,108,125,True,18974874,67270,269,0
764573523713011713,1872,585,True,12947306,61498,229,0
531659884430106624,110,129,True,46300960,206488,904,18483
524926472432410625,9,93,True,169660,1325,898,1087
684118654418419712,1102,313,True,1091907,9140,3922,3370
723644048867774464,190,141,True,4066666,15028,976,13792
727187859367546880,128,104,False,187241,448,57372,93038
693718533239365633,248,458,True,24661390,115859,125,150
500327106824245249,32,98,True,192843,3118,1586,45767
760928376668454912,364,228,True,237628,1720,867,6053
693234925252775936,1267,608,True,47430247,145524,1106,1432
521769631519092736,37,140,False,47315,667,45171,96008
370855596050108416,16,158,True,14011037,98162,7035,2912
692098463262216192,2177,1773,True,15840086,31545,31410,20075
650975967146602496,515,143,True,1579088,16829,3307,443515
692745208421679104,646,342,True,35286038,60861,319,707
688110059553861634,1193,674,True,12947306,61498,229,0
407169885345943552,54,134,False,2022,14,2585,4841
521772674155286528,32,112,False,66869,670,58315,144533
693068611951300608,683,370,True,35286038,60861,319,707
552821069036670976,144,738,True,209034,3586,2192,992
692374052082708480,4185,2772,True,11428321,72830,10,2
372914976102834176,29,223,False,1539132,15725,886,8771
525300042207612928,67,102,True,2524610,14000,2308,667
511918957255991296,34,112,False,230005,1275,184873,114334
489975398151618560,77,161,True,3263971,24795,691,795
723511860516016128,178,143,True,546139,6345,14337,5261
523888836456108032,524,1418,True,723975,3183,1393,4528
774833492865593344,536,330,False,25666,105,1281,20130
683731779342188545,608,785,True,583773,11929,718,125
689208632148365314,1145,2901,True,42930389,140013,3,0
524948703850029056,15,122,False,236098,3920,8269,293
690431187916099584,277,474,True,42930389,140013,3,0
732004388181434368,204,95,True,1014273,10144,155,50
693643778033344512,501,365,True,9785903,126039,2752,1373
532231906364911616,48,133,True,6644775,25713,5967,7649
534543768653807618,24,97,False,26050,189,27075,34349
516705572373397504,31,105,True,1059085,5129,373,108
525033697045925888,37,137,True,2911696,15253,1175,6119
691656866972209152,674,407,True,11428321,72830,10,2
407211258304552960,159,104,True,2168740,11960,1175,2347
523123779124600833,322,995,True,42930389,140013,3,0
505657661120348163,148,130,True,157429,306,1534,39993
522654603675176960,47,129,True,2524610,14000,2308,667
532275383430041600,145,241,True,5410152,22121,907,1293
549599086073368576,115,173,True,82529,1746,3880,57298
527947775905103872,264,182,True,7401908,24509,974,14389
690296550803636224,988,626,True,12947306,61498,229,0
521821037726797824,19,105,True,3263971,24795,691,795
524962676665888769,54,137,True,18974874,67270,269,0
514540926640087040,66,174,True,2925601,33121,282,1047
525040767317082113,27,129,True,14011037,98162,7035,2912
693673606279229440,480,259,True,46300960,206488,904,18483
524991240270807042,32,116,True,1287441,9049,410,0
525116411887513602,154,203,True,15423186,60462,528,32
689549346875031552,376,381,True,4037972,21356,3,0
525305690257379328,101,152,True,3197635,24616,1146,3
538133250066366464,63,104,True,334913,1750,315,3238
377002232257855488,120,267,False,2534742,8231,1,89
536826622725218304,149,204,True,114242,1902,446,61
407209131351629824,186,212,True,330184,4057,1729,205
509464271118688257,125,411,True,9531490,88104,560,6
514148279601606656,71,158,True,9785903,126039,2752,1373
380055172896272384,98,314,False,17759,80,144,5
690954487322796032,953,608,True,12947306,61498,229,0
621025025806577664,345,292,True,191145,4566,222,1680
500354773133299713,99,208,True,2200564,10931,729,26497
504106473467944960,36,132,False,3134,93,1233,982
549975297160802304,429,467,True,45730,747,2007,12136
692922211338981377,494,998,True,42930389,140013,3,0
513779458340569088,128,131,True,6581881,23930,2908,5654
524178388282802176,70,91,True,26022,284,171,679
520299904934371328,2518,1613,False,1366131,2694,666,941
524976526891417600,182,608,True,57464652,186645,120,21
519867098945044480,1687,2326,True,2200564,10931,729,26497
693537938425171968,437,399,True,46300959,206488,904,18483
651486105628463105,1203,1823,True,13819,65,100,23774
524181699043663872,123,259,True,1190816,6477,4244,1283
407169699559247872,168,215,True,4407230,20401,2535,4076
749286768554438658,168,122,True,47430252,145524,1106,1432
490136764619948032,30,107,True,9785903,126039,2752,1373
515918632178577408,147,380,False,19550,320,20109,6611
560207034545889281,685,832,True,1846430,3663,4198,11532
686701278785843200,269,255,True,4407230,20401,2535,4076
513015596879867904,417,419,False,2419353,4968,2878353,112932
692453106622275585,810,244,True,15840086,31545,31410,20075
524593547807178753,100,169,True,805444,4430,771,1489
726086935903494144,140,121,True,668860,3972,2777,10038
692566765822435328,2733,1426,True,35286038,60861,319,707
407233172380733441,136,227,False,1555,6,74,79
531183173443801088,148,229,True,158478,1756,260,91378
445495350171013120,91,115,False,602,6,591,937
489796088338341888,8,116,True,209034,3586,2192,992
553040930144792576,163,210,True,11494515,84636,5667,1221
514067907475959808,119,371,False,236098,3920,8269,293
686493272806576128,345,400,True,772585,12783,236,30
693284114724700160,335,358,True,21799765,123618,1114,749
693501482721681408,1570,681,True,35286038,60861,319,707
525285199530455040,188,776,True,1190816,6477,4244,1283
436074888638763008,129,284,False,11950,83,9472,1813
693123067204243456,550,382,True,47430252,145524,1106,1432
676586804242309121,18,91,True,1635350,19094,11628,2014
527295015643394048,521,522,True,8534031,20598,656,274
566999951449001984,358,880,False,38785,564,24420,3127
516377014790782977,619,1259,True,7284,201,1099,25672
501768276523761666,340,1034,True,7520118,44780,1823,785
514142113601437696,870,950,True,47430252,145524,1106,1432
524947149134774272,13,112,True,233069,2444,484,3143
528976109518721024,189,373,True,1485228,20088,139,21
692692529779707904,336,527,True,42930389,140013,3,0
689555819059351552,631,556,True,42930389,140013,3,0
407164247768977409,150,279,False,1025244,486,553,4205
727179214546456577,217,206,True,1328284,9596,114,970
489836271049928704,52,182,True,9785903,126039,2752,1373
691700082601758720,447,300,True,4154763,41087,1506,71
495583434954514432,50,98,False,23064,963,80,2
699252269414354944,2911,933,True,239294,10519,93485,7010
407162181059612672,127,125,True,2168740,11960,1175,2347
767580827513397252,765,1245,True,21799765,123618,1114,749
539052152602107904,27,181,False,70941,1411,0,1
531676808836833280,197,130,True,618110,1468,2040,52069
524950507023245313,31,93,True,121452,2374,748,15085
534337548680978432,41,116,True,3197635,24616,1146,3
524972443308683264,18,121,True,5693,241,1904,301
687956181646753792,1020,669,True,578210,7341,650,3062
507454543169617920,382,400,True,11494515,84636,5667,1221
536808074431184896,355,414,True,241680,2378,1202,22515
692745861978263552,757,415,True,15840086,31545,31410,20075
516371936604352513,62,140,True,333143,5896,838,26147
524925033626738688,5,107,True,66680,1056,814,1406
687674548712505346,1041,758,True,11773589,35680,115586,29866
407182194206322689,114,108,True,313443,3555,30,80
501774615837163521,125,343,False,1539132,15725,886,8771
676970570160988160,211,360,True,2863963,31338,98567,2213
693217698482933760,718,327,True,3263971,24795,691,795
762775964224847872,3136,1062,True,12947306,61498,229,0
685232704774787072,599,370,True,746012,13602,13318,6475
537378640653475841,128,201,False,1158,60,855,4389
693822949456007169,487,347,True,46300959,206488,904,18483
543319210659971073,124,152,True,17040966,104261,495,536
685473149291479040,284,252,True,4313683,18986,232,24
553461741917863936,137,158,True,27805285,120719,71,13
524685073979678721,166,224,True,15423187,60462,528,32
407212665350942720,72,123,True,9785903,126039,2752,1373
538129041539092480,197,248,True,1033749,8649,970,56349
552706985087361025,284,318,True,6581881,23930,2908,5654
692217618778972161,225,397,True,57464652,186645,120,21
407191058108256257,48,94,False,3402,4,4657,771
692336523090509824,295,248,True,57464652,186645,120,21
500298752469770240,345,626,False,74879,1503,69233,2476
524976106861236226,49,273,True,14011035,98162,7035,2912
693921710383337472,834,492,True,3446443,38058,513,2686
691327238353129472,782,417,True,11428321,72830,10,2
690985215691354112,193,401,True,3263971,24795,691,795
766299795833102336,913,629,True,57464652,186645,120,21
524935246647926784,14,98,True,17647427,117015,908,1194
549998575330275330,174,167,True,6581881,23930,2908,5654
407229989902225408,282,221,False,364992,527,238042,22
538412662858588160,76,294,False,1539132,15725,886,8771
728038172270198787,935,470,False,293753,1259,1037,145
550279538278543360,125,106,True,3736976,14793,65693,20942
515717938025078784,113,146,False,4826,156,854,97189
524991067675189250,64,289,True,2911696,15253,1175,6119
522443333831262208,53,176,True,241330,4674,1240,6719
689236842454106113,814,316,True,12947306,61498,229,0
407205009676587009,98,110,True,449572,6139,286029,6421
767845555313774593,1262,660,True,47430249,145524,1106,1432
691027026552229888,162,428,True,583773,11929,718,125
531085761521528834,482,465,True,6581881,23930,2908,5654
693198912660885505,900,383,True,11428321,72830,10,2
566089610485579776,36,131,True,293367,1996,10732,34492
510921017972514817,313,781,True,38470,1473,3626,25049
372901260183494656,44,216,False,1539132,15725,886,8771
503610065769598976,24,87,False,182903,808,157469,45497
693162950358622208,1167,556,True,15840086,31545,31410,20075
553474188259102720,66,251,True,7520117,44780,1823,785
692287441168900097,593,808,True,42930390,140013,3,0
562313802369073153,182,153,True,15423187,60462,528,32
528341588867416064,46,153,True,249088,3745,3585,637
524291188422356993,162,88,True,1489784,12956,15557,1643
652349108653551616,173,175,True,11494515,84636,5667,1221
529857740059860992,312,217,False,69519,742,33,17916
407193347279699968,351,358,True,3736976,14793,65693,20942
576319832800555008,25,62,True,157183,3121,536,1417
535579674152148992,131,281,True,60539,654,81,5487
727116900983934976,162,120,True,127037,2315,14586,5052
551097831851687938,45,103,True,2438159,18987,258906,950
524932056560963584,13,83,True,25535,582,9932,8596
407237676350185475,44,99,False,27898,44,191,5
518870005677826050,79,243,True,17647427,117015,908,1194
766316494695305218,1223,1754,True,583773,11929,718,125
693456387880402944,755,321,True,47430249,145524,1106,1432
514201362729828352,270,341,True,57464652,186645,120,21
658938136299511808,21,95,True,2865330,18549,748,269
536871550184869888,105,129,True,114242,1902,446,61
767094580634202112,1418,547,True,12947306,61498,229,0
524952094986350592,42,109,True,13947,312,0,46
767355933919997952,520,992,True,57464652,186645,120,21
728207861050970112,894,433,False,425796,3109,52,8
407267881131732992,90,105,True,2168740,11960,1175,2347
552810448324943872,20,105,True,3076426,23049,553,963
691351064868732928,1182,828,True,11428321,72830,10,2
563117355254161408,1102,585,True,25270962,50221,2683,1663
693408117225299968,297,372,True,27805286,120719,71,13
507242819623587841,121,153,True,3576277,30480,810,599
514429381737852929,88,167,True,898612,18836,125,1130
517416417164263424,94,102,True,18974874,67270,269,0
544939287222165506,46,135,False,236098,3920,8269,293
724348906096590849,556,286,True,18974874,67270,269,0
544514570367168512,89,245,True,18974874,67270,269,0
693807822971236353,485,307,True,47430249,145524,1106,1432
767462297270968321,2154,681,True,35286038,60861,319,707
524959836778536961,16,104,True,7516283,52555,512,298
524206851450486785,67,104,True,772585,12783,236,30
553115236992290816,243,409,True,3197635,24616,1146,3
524941041301225472,72,273,True,7516283,52555,512,298
529434230938284032,256,308,True,7520117,44780,1823,785
524979548195024898,215,585,True,1525,46,3532,327
692382471061663744,264,494,True,3588963,33385,6924,2506
427666815842414592,99,294,True,18974874,67270,269,0
692537942439501824,1275,965,True,57464652,186645,120,21
514508854990999553,93,248,True,75090,1003,3639,87526
687639526282498049,751,304,True,11773589,35680,115586,29866
526757033186697216,32,131,False,210236,4001,535,22970
407173794583695360,42,108,True,72047,1675,3846,31580
693560600471863296,418,295,True,35286038,60861,319,707
691564354567798784,690,1233,True,42930390,140013,3,0
693618217667928068,937,274,True,11773589,35680,115586,29866
356268980211687424,13,110,False,4121,66,2384,6940
692405195796529152,347,392,True,42930390,140013,3,0
688281442162352128,264,417,True,42930390,140013,3,0
693629063932596224,480,336,True,9785903,126039,2752,1373
747443219487678464,103,97,True,241703,3236,31866,6102
504243239084236800,83,165,False,7759,321,2067,984
692840850141753347,413,241,True,578210,7341,650,3062
692391757775028228,826,290,True,15840086,31545,31410,20075
525032872647065600,15,96,True,270310,5061,2375,171769
387006553124896768,13,107,True,814295,7826,5744,87873
692472216135569409,446,261,True,57464652,186645,120,21
692800345274241025,899,321,True,15840086,31545,31410,20075
690174644071047168,352,406,True,2349792,44656,4191,10604
532007252677656576,269,266,True,96897,1539,975,25944
520265722967375872,72,212,True,21799765,123618,1114,749
504109775358287872,67,137,False,1090,21,3818,2021
528607634099015680,264,216,True,8631361,22065,474,4102
692031514943582208,514,402,True,42930390,140013,3,0
727172374999666688,507,312,True,2246587,13215,1181,21
356407105953071107,14,142,True,61363,480,1087,11
407187197427593217,106,221,False,344419,1283,72639,824
693853982293254144,312,402,True,18974874,67270,269,0
544287209730236416,27,118,True,92779,561,1458,7339
519131101798100992,36,139,True,2692971,32552,15028,374
532239131540467712,100,161,False,19550,320,20109,6611
778572032531427332,207,363,True,210051,5503,3942,11126
357300409292959744,35,129,False,506,18,503,1726
551128385850601472,109,122,True,3720594,17164,2451,6805
532246457609244672,150,189,True,241680,2378,1202,22515
519530210795216896,18,95,True,2692971,32552,15028,374
552615631246622721,38,101,True,205209,6215,731,1758
539115704285270017,46,134,False,1035,17,364,1082
365056836476481537,11,108,True,3076426,23049,553,963
500270780832174080,40,104,True,117042,4142,317,9
688441130271289350,238,240,True,233236,12789,2230,14611
767170849472405508,1786,664,True,57464652,186645,120,21
701514249269542912,175,149,True,46300960,206488,904,18483
524263570985340928,48,123,True,340434,6814,529,251
550095745161134080,85,139,True,1655943,8018,2289,19532
505611045897924608,151,255,False,2169,51,47,76
553190393370923008,28,113,False,2336,204,1642,121
516358319317852160,45,96,False,236098,3920,8269,293
686421576904916992,2667,731,True,4407230,20401,2535,4076
693140568143220736,863,387,True,6314707,38762,339,133
531300385248800768,87,197,True,2055527,23370,2366,58
693136527816331264,714,308,True,47430247,145524,1106,1432
692792765852286977,1411,544,True,11428321,72830,10,2
519375764165509121,30,107,True,3076426,23049,553,963
490141776984825856,225,681,True,47430247,145524,1106,1432
693662456393134080,317,349,True,15565107,96075,1657,4448
764473554431725568,1497,621,True,12947306,61498,229,0
522692223952228353,397,957,True,264434,3296,1835,1540
690252631822864384,503,272,True,12947306,61498,229,0
516539137646542848,66,149,True,935138,16709,283,2709
519935535083565056,97,205,True,49776,379,255,2419
529088963420909569,1346,694,True,1070211,3879,190779,10040
752965545528528898,55,103,True,7522221,32040,1719,10657
489970164469751808,59,245,True,8790,206,5415,922
524923293711998976,77,549,True,180400,1866,2070,4278
532851585408593920,272,255,True,4107,69,347,7630
387010299536355328,20,98,True,1660297,5254,660,58869
524949828711620608,33,90,True,18974874,67270,269,0
692127290998784001,737,374,True,11428321,72830,10,2
521496155310796800,78,167,False,272012,1848,5307,119524
554886875303780352,48,205,True,2865330,18549,748,269
693443289370882049,1522,1055,True,12947306,61498,229,0
661184793342775296,808,542,True,726412,5453,934,13655
692056985513123840,219,346,True,57464652,186645,120,21
534278078105944064,181,521,True,3197635,24616,1146,3
542600886653292545,173,123,True,5899179,37725,570,167508
525005886272843776,450,494,True,233069,2444,484,3143
407232661107642368,531,450,True,5126124,11610,5772,4669
692510002586714113,658,344,True,12947306,61498,229,0
568905632998412288,372,318,True,1135713,4352,971,5122
506118402466152449,542,788,False,70,0,0,0
727623131494387714,65,96,False,43096,49,27924,84372
549124560793374720,51,108,True,3197635,24616,1146,3
531129816389779456,135,282,True,21756,812,2532,53722
536835346932441088,101,131,True,82574,683,1179,8776
528312406498635777,613,674,True,15565107,96075,1657,4448
542860306603868160,97,105,True,2188946,15573,17806,36675
693729678306189313,2583,2164,True,42930390,140013,3,0
652982112870662144,108,116,True,11494515,84636,5667,1221
499679379820412928,803,2102,True,237872,1980,1559,11556
693492349142433792,345,265,True,47430247,145524,1106,1432
562387516964491265,185,101,True,60766,2068,85,3242
513922322915282945,51,168,True,152792,924,73888,13982
537377960471166976,741,1461,True,1033749,8649,970,56349
500341884678836224,113,131,False,185500,3133,137618,18885
692024256520179712,1737,1417,True,4407230,20401,2535,4076
723772395211862016,189,100,True,4066666,15028,976,13792
531524882325311488,44,94,True,4037973,21356,3,0
407170443443859456,142,296,False,30388,54,33412,24081
524211911668543488,25,104,True,583773,11929,718,125
740748123581087745,403,510,True,28743,1081,7222,2175
663744139666804736,2833,2766,True,117438,1686,80983,54108
500280422295937024,8,51,True,795529,5890,6721,4219
518924377791164420,32,110,True,9785903,126039,2752,1373
524757333608394752,146,215,True,15423186,60462,528,32
495365942726381568,274,151,True,408680,2544,2046,78148
703234354579898368,133,176,False,169609,651,11954,0
537484793882361856,47,91,True,638279,2557,2017,569
537913349338435584,71,203,False,59080,1029,604,2463
690920430287331328,122,289,True,1169815,29345,1259,7355
500381163866062848,36,111,True,280529,9336,656,126
692742353736568833,758,1893,True,42930390,140013,3,0
387030572779847680,35,140,False,178932,3188,1337,133081
407217865973329920,217,544,False,44410,389,476,9210
366205297557110784,12,150,True,3076426,23049,553,963
724703995147751424,102,90,True,4073707,34775,628,2305
524976963862429697,341,1120,True,47430254,145524,1106,1432
692736398462300162,1449,1078,True,35286038,60861,319,707
692735354240114688,337,262,True,6314707,38762,339,133
764620072228970496,1324,791,True,2168740,11960,1175,2347
407176873605865472,290,418,True,5126124,11610,5772,4669
500294803402137600,63,203,True,7520118,44780,1823,785
525024181218725888,640,1481,True,233069,2444,484,3143
567765185407234049,179,271,True,2200564,10931,729,26497
524933380929245184,195,894,True,930912,4792,330,60
528357165677817856,96,101,True,286384,6742,1254,0
436157398269849602,51,574,True,117732,849,436,2775
688763099298529280,136,321,True,233236,12789,2230,14611
655815788675399680,156,164,False,31261,75,8,21
528562608463704064,743,882,True,15565107,96075,1657,4448
693484841011060737,637,403,True,18974875,67270,269,0
693481256735150082,143,327,True,27805285,120719,71,13
757748522481491968,195,285,False,188701,1128,82742,372407
524289058290159616,244,314,True,2865331,18549,748,269
500391222075076610,27,90,True,10138,234,860,24002
560414522758799361,418,137,True,1846430,3663,4198,11532
693485676881403905,868,395,True,47430254,145524,1106,1432
691791477912014850,1349,692,True,11428321,72830,10,2
517034091028676608,49,145,True,4129739,35506,242,995
692134721195786240,702,253,True,15840086,31545,31410,20075
726190016435728385,214,218,True,1328284,9596,114,970
692031224227958789,179,481,True,42930390,140013,3,0
387236601450864641,28,150,False,17968,685,10056,40919
515538937058971648,23,130,True,249088,3745,3585,637
688147918113538049,212,598,True,42930390,140013,3,0
748640007934590976,123,94,True,47430254,145524,1106,1432
692267960686284800,321,510,True,42930390,140013,3,0
693098795022725120,686,363,True,35286038,60861,319,707
524998384357486592,28,141,True,17647429,117015,908,1194
693236688538243074,653,461,True,47430254,145524,1106,1432
532203605236154368,351,748,False,37722,400,288,297
692925163994796033,616,451,True,3588963,33385,6924,2506
516682897864916992,71,183,True,898612,18836,125,1130
407269894938718208,63,100,False,46365,71,7398,1497
527162170531151872,2472,3442,True,13931560,18327,1,1287
470025166760980483,51,124,False,243601,3235,201444,70967
693131575261659137,1155,484,True,35286038,60861,319,707
693792605755285504,74,330,True,17040966,104261,495,536
687911282922631168,169,503,True,42930390,140013,3,0
365276206381268995,37,367,True,17647429,117015,908,1194
693804630615166977,237,255,True,5570386,51531,217,76
692932696645865472,1106,436,True,35286038,60861,319,707
525291306000846848,109,168,True,3197635,24616,1146,3
336913656921083904,26,185,True,18974875,67270,269,0
407159686786732032,146,100,True,2168740,11960,1175,2347
489818014364086273,35,236,True,833579,11179,40,0
723521076446142465,699,154,True,762313,2075,1273,27678
504267796424163328,43,96,True,47430254,145524,1106,1432
514395350615203841,125,149,True,222596,2375,16121,1880
678733118648524800,784,337,True,2284373,16017,640,7600
551082055883563008,59,237,True,9531490,88104,560,6
524976980799000578,26,97,False,236098,3920,8269,293
693079616072880128,1323,729,True,15840086,31545,31410,20075
510931521306243072,166,261,True,18974875,67270,269,0
524950264303075328,39,204,False,236098,3920,8269,293
690676539323740161,212,426,True,42930390,140013,3,0
692491478619262976,194,234,True,4037973,21356,3,0
724320681517670400,696,367,True,18974875,67270,269,0
693523133920342016,410,473,True,46300960,206488,904,18483
716439952922312704,453,237,False,56725,482,1970,7476
501474962935648256,601,624,True,78054464,119934,47,7
509463916586762241,48,133,True,17647429,117015,908,1194
489794593580650497,190,1941,True,209034,3586,2192,992
407179055763836928,193,115,True,7637173,33549,1749,5120
557621135320178688,207,146,True,28874,534,1321,1032
516861311725342722,31,91,True,9785903,126039,2752,1373
693658242044542976,338,370,True,17647429,117015,908,1194
372489152903643136,176,218,True,287028,2920,942,6
553061846081896449,2523,3209,True,16467323,12851,10,1772
387006700609228801,13,133,True,249088,3745,3585,637
552112474913136641,3505,3147,True,2858692,8547,715,3371
689103487880310785,202,295,True,42930390,140013,3,0
692709993573789701,687,253,True,35286038,60861,319,707
295152287901417472,65,94,False,767228,12147,1253,13432
524144369235140608,31,108,False,5512,284,3,56
509478961705807872,51,113,True,379573,3764,246,1172
387220814531395584,12,249,True,7520118,44780,1823,785
507557659206516736,200,178,True,515377,3889,905,2252
506784541696991232,48,100,True,7520118,44780,1823,785
387041762331471872,15,106,False,24866,378,667,1116
697992796565741569,1015,734,False,1186,29,435,69
524929796862918656,83,232,True,1916321,6927,369,14
364383457545162754,29,284,True,21799765,123618,1114,749
514106939173634048,109,201,True,18974876,67270,269,0
691410231549530112,388,284,True,12947306,61498,229,0
489798219283857408,38,368,True,209034,3586,2192,992
693355140284334081,363,299,True,47430255,145524,1106,1432
544510450101415936,119,233,True,42930390,140013,3,0
531900034863091712,353,330,True,563301,2283,523,1144
519112613800972288,34,129,True,17647427,117015,908,1194
527286846347567104,435,1061,True,57464651,186645,120,21
766307327922335745,1206,1005,True,42930390,140013,3,0
535257207991205888,396,346,True,92779,561,1458,7339
549920761423863808,576,667,True,1352724,13062,4778,2347
491591245152935936,258,710,True,47430255,145524,1106,1432
547514662695469057,81,121,True,100396,322,353,16888
499368931367608320,73,94,False,19166,237,22313,17734
692881863644282880,120,305,True,9531490,88104,560,6
407206094747209728,103,222,False,2430,81,3067,56216
693622130735484929,394,407,True,11494515,84636,5667,1221
522468118082633729,264,338,True,4505795,21391,1157,6001
544512910538838016,42,108,True,18974876,67270,269,0
651858133304782848,350,344,True,873670,20426,1301,7498
407158558158254081,544,570,True,5126124,11610,5772,4669
523820806917603328,75,160,True,1071743,9490,768,8825
766358933296517121,687,547,True,57464651,186645,120,21
523655026485366784,161,190,True,87229,776,1262,2443
387353560356118528,21,173,True,658732,11166,8028,3058
514535408126795776,39,131,True,63634,3084,3837,4868
407163869673443328,451,360,True,427115,7847,556,894
760120409429643266,855,331,True,2239356,3131,97,248
692924229017309184,397,299,True,1797211,32524,661,4863
715255507506892800,53,167,True,1007043,11182,474,1837
728631482722308096,102,130,True,668860,3972,2777,10038
514100169307348992,44,152,True,9531490,88104,560,6
767737100347191297,1539,642,True,18974876,67270,269,0
387050178932654080,26,97,False,58813,679,30332,9937
692497796956561408,351,321,True,42930390,140013,3,0
553470492565602305,32,134,True,772585,12783,236,30
688027085730897921,302,499,True,42930390,140013,3,0
780436430732525569,98,96,True,28120,489,825,2215
524925124303396864,51,546,True,1287441,9049,410,0
693631772639145984,1015,384,True,11773589,35680,115586,29866
365497016098369536,19,119,True,3076426,23049,553,963
765141361033109504,459,678,True,42930390,140013,3,0
692063305297453060,954,388,True,11428321,72830,10,2
524924619812511746,12,156,True,1287441,9049,410,0
356310469390245888,21,148,False,28252,168,18354,5885
407170170533064705,37,101,False,803,0,62,36
489802446001434625,29,152,True,1190816,6477,4244,1283
689722724470620161,172,383,True,42930390,140013,3,0
511330322831507456,189,527,True,1484028,6608,5789,648
514550436377137152,60,185,True,3715976,25690,197,2619
525134787778850818,134,204,True,15423187,60462,528,32
518827403452637184,48,153,True,21799765,123618,1114,749
489796998615547904,35,423,True,209034,3586,2192,992
690915657106526208,219,253,True,726412,5453,934,13655
693121477491757056,1117,1162,True,12947306,61498,229,0
688752484966363136,393,277,True,12947306,61498,229,0
407209222850756608,78,199,False,511,6,262,5355
648993731169939456,110,108,True,2200564,10931,729,26497
427725166127226881,38,138,True,7349696,7244,129,2978
640182854928961536,63,112,True,3197635,24616,1146,3
507354546041925632,108,166,True,11773589,35680,115586,29866
701975210044497921,310,228,True,39354,676,3429,6433
524970097711267841,48,314,True,7172,102,476,864
693573042111270912,765,284,True,18974876,67270,269,0
767154835993063425,1806,628,True,57464651,186645,120,21
356437941641416705,28,111,False,11631,18,6730,2496
693487871806689280,848,476,True,35286039,60861,319,707
525077806401994754,119,206,True,9531490,88104,560,6
693476901772513280,208,253,True,27805286,120719,71,13
509473920060104704,33,91,True,145225,2246,1323,383
551942365901250560,295,296,True,475081,3365,1534,285
504433135036407808,2190,1605,False,790481,3395,211,13
651786568592658433,122,101,True,14721,218,222,33
692818857187213313,1095,854,True,27805286,120719,71,13
357299879070023680,16,145,True,502199,1809,522,343
517003426832453633,110,222,True,550162,3892,682,93
757450526153900032,84,122,True,405542,5401,417,2019
764505291853627392,1747,1791,True,578210,7341,650,3062
519275971758026752,45,98,True,46300959,206488,904,18483
516435293235183617,89,287,True,28793,1289,4118,31235
553186555150749696,483,831,True,22625,1011,2983,36380
504419526998360064,133,435,True,593790,3720,1054,3572
716448280201269248,230,134,False,9012,92,4252,6162
519178213441167360,34,92,False,2256,105,47,1
755523157700648960,45,120,False,121550,103,1273,63530
319166636902998016,232,300,False,85723,357,12,1
517850508380618752,149,97,True,2435826,11845,2103,1656
516394449065496577,49,111,True,935138,16709,283,2709
387237225286479872,48,261,False,17968,685,10056,40919
554688527435563008,55,363,True,615559,3314,2532,5443
514483762566922240,175,170,False,18965,375,1407,27350
693769968199061504,227,336,True,57464652,186645,120,21
693122701569974273,604,344,True,12947306,61498,229,0
763430916236640256,41,80,False,12764,27,4637,179408
536915851233202176,138,190,True,282022,600,1299,186
687617735833026560,1581,2320,True,578210,7341,650,3062
539799806039052288,125,179,True,499700,2741,923,1085
691889802724118532,270,306,True,57464652,186645,120,21
533767270091087872,59,104,True,381843,10486,1814,464
558312304753016832,508,213,True,3681617,6062,444,37870
524923341359300608,34,343,True,1287441,9049,410,0
407192126032986112,60,140,True,14011036,98162,7035,2912
535252460148113409,117,135,True,5410152,22121,907,1293
523943647449198592,71,130,True,2055527,23370,2366,58
711994705333112832,186,121,True,905674,15638,3054,3397
295944137948151809,1410,2024,False,2838,11,0,0
436160836524965891,47,234,True,47430247,145524,1106,1432
692463948076093440,585,404,True,15840085,31545,31410,20075
531833153145823233,114,194,True,9785903,126039,2752,1373
523581212175392768,694,998,True,286384,6742,1254,0
693916809125351425,478,281,True,11428321,72830,10,2
692047663211085825,1069,664,True,578210,7341,650,3062
407163499723624449,86,227,True,11494515,84636,5667,1221
534461459938304001,83,125,False,1409,0,43,3
500279160795721728,96,204,False,25538,401,24399,377386
531287426858487808,74,91,False,39883,426,759,15388
318263294098030593,1035,1300,False,249205,1209,16,33
407209892013821952,40,105,False,701,36,558,8133
507261372313640961,57,127,True,14011036,98162,7035,2912
766638613320859648,528,560,True,42930391,140013,3,0
489867900296368129,96,456,True,9785903,126039,2752,1373
691006265137299456,853,399,True,12947306,61498,229,0
538256153080127489,5,374,False,35318,93,672,1147
767330549262278658,3025,838,True,35286039,60861,319,707
688437279405305856,1047,694,True,11773589,35680,115586,29866
514517213022543872,290,250,True,3784107,10905,356,26074
551103664124100608,72,178,True,4073707,34775,628,2305
693629498177253376,3193,2143,True,11773589,35680,115586,29866
407218583135997953,57,99,False,569,4,438,11173
532319110458118144,414,590,True,613773,2418,6471,15664
707321278135463936,2287,2008,True,218041,5295,2324,11509
513437031020916738,226,234,False,1230,8,220,2528
692734579141185536,192,255,True,2892376,45779,145,259
767463109778894848,4487,1689,True,35286039,60861,319,707
489872119158046720,23,118,True,1007043,11182,474,1837
691600834707247104,404,614,True,4295369,19611,8018,10253
547587399728267264,159,162,True,805444,4430,771,1489
524320261667950592,931,598,True,2521133,12437,850,9706
551135925862805504,324,355,True,18974876,67270,269,0
692142338890661888,160,477,True,9531490,88104,560,6
524935769614331904,34,120,True,18974876,67270,269,0
693139276708585472,2851,2374,True,11428321,72830,10,2
489812926828924928,482,2932,True,47430247,145524,1106,1432
693087256727388161,229,432,True,42930391,140013,3,0
556873675941896193,265,102,True,4974149,8853,19400,66027
688751183645782016,702,446,True,12947306,61498,229,0
693160939802214400,970,629,True,47430247,145524,1106,1432
691206970074738688,252,316,True,3159935,33217,1254,12
693082547664883712,1358,602,True,11428321,72830,10,2
755475529294352385,36,80,False,13195,146,8712,92536
531606992788287489,62,122,True,18974876,67270,269,0
570341828479725570,343,261,False,9975,167,2385,1425
273278761909239808,87,393,True,11428321,72830,10,2
748558349139058688,62,148,False,101575,618,7033,178138
641665203046907904,263,580,True,2510082,30789,22014,154
531833233143783424,425,450,True,181224,2033,944,2338
693554007785234432,193,337,True,47430247,145524,1106,1432
516425769560866817,74,167,True,44296,1761,2019,3590
693344498953383936,421,402,True,57464652,186645,120,21
553544252563935234,36,119,True,18974876,67270,269,0
365052155385749505,15,121,True,3076426,23049,553,963
491241885399539712,50,218,True,3197635,24616,1146,3
705093513076015104,82,121,False,236098,3920,8269,293
562256876763901953,128,231,True,15953908,59093,5292,10330
501760566160289794,305,1193,True,6710,184,4445,5181
524934138563133440,15,119,False,236098,3920,8269,293
489874311143260160,34,158,True,1007043,11182,474,1837
693802524579618816,369,237,True,47430247,145524,1106,1432
427762638274437120,58,235,True,7520118,44780,1823,785
535484342785830912,152,219,True,153588,1744,6600,1875
515598200796090369,94,271,False,5248,9,6359,7145
692332739824095234,319,320,True,42930392,140013,3,0
692290126282649601,227,367,True,4037974,21356,3,0
516475930097643520,84,96,False,75166,856,962,3615
518830518792892416,34,104,True,14011035,98162,7035,2912
532559937269166080,184,198,True,139890,923,629,1503
386682163862986752,26,102,True,419565,10547,2430,2430
693686290408181760,266,272,True,5570386,51531,217,76
500371149713178625,54,148,True,192843,3118,1586,45767
553548567420628992,10,84,True,38071,861,2695,15122
500308076004929537,43,97,False,32443,447,214,2377
547803254516490240,88,117,True,616803,12840,579,467
692113839387709444,853,343,True,11428321,72830,10,2
524946179390701568,39,236,True,2911696,15253,1175,6119
524925600318754816,17,192,True,860299,7702,73,468
504453071041482753,174,448,True,746857,3426,259,1527
693670046497935361,463,308,True,46300959,206488,904,18483
524983325275197440,29,156,True,1287441,9049,410,0
530943279161155584,111,103,True,11773589,35680,115586,29866
693912520923295745,818,444,True,18974876,67270,269,0
766719302401613825,776,659,True,1125898,6690,465,3891
514150992552931328,758,1100,False,66525,605,1,6
693866093123915776,367,1830,True,15423187,60462,528,32
727982226290442240,128,83,True,1017855,5481,2774,776
765934198297362432,796,784,True,57464652,186645,120,21
728625967921401856,114,94,True,665301,11621,30360,4966
640118021101604864,48,120,True,2925601,33121,282,1047
764449685897568256,602,655,True,746012,13602,13318,6475
743126914794037248,279,121,False,29699,38,5,612
517038566061658114,167,218,True,7401908,24509,974,14389
536504515843727361,490,377,True,181224,2033,944,2338
352075672543428608,119,231,True,443394,6641,821,2806
514546272972574721,44,103,True,11494515,84636,5667,1221
552816020403269632,19,126,False,5180,162,1990,5893
516390549012480001,89,226,True,79175,1229,914,605
553576010898497536,31,182,True,17647428,117015,908,1194
692946556396244992,965,387,True,35286039,60861,319,707
549964632883232768,104,105,True,1655943,8018,2289,19532
524186749002473472,212,268,True,7409720,19277,1936,9
369506008172740608,20,195,True,6865,134,1413,20102
692023417575448576,640,441,True,57464652,186645,120,21
524967711492014080,33,141,False,236098,3920,8269,293
489836441120145408,48,144,True,12696561,12742,15,1
525043936331857923,92,213,True,300652,2578,163,1611
497073936077959169,66,70,True,5410152,22121,907,1293
693824042164436992,58,272,True,9785903,126039,2752,1373
358591089462099968,48,170,True,11428321,72830,10,2
692854695262445568,773,352,True,578210,7341,650,3062
524191650420367360,81,116,False,6962,296,374,69
707420972173955072,113,120,True,1635350,19094,11628,2014
531206167302012929,340,178,True,618110,1468,2040,52069
536558567206420480,340,396,True,3197635,24616,1146,3
538166788484509696,65,90,False,46170,329,43995,8246
653432177632387072,219,105,True,11773589,35680,115586,29866
500378522788315137,38,95,True,17647428,117015,908,1194
767444114229059584,3994,1711,True,35286039,60861,319,707
643807909856415744,462,306,True,191145,4566,222,1680
519921456730607616,54,105,True,5410152,22121,907,1293
531108688749404160,68,234,False,4396,45,138,56
780882510645370880,1717,1572,True,162102,2548,2163,17590
356297080169447425,44,203,False,1320,2,1520,3033
692099058811453440,456,532,True,42930392,140013,3,0
689798164287741953,254,504,True,42930392,140013,3,0
489968646014246912,54,263,True,805895,6574,706,595
551123464640536576,160,287,True,15423187,60462,528,32
514072132301910016,42,155,True,762369,11432,1214,1823
690680310061756416,212,560,True,42930392,140013,3,0
521533372280369152,89,103,True,5410152,22121,907,1293
691380138710306816,676,423,True,11428321,72830,10,2
519078654635409410,33,108,True,17647428,117015,908,1194
531493734358061056,42,83,False,70941,1411,0,1
524176293450223616,43,176,True,16457,204,449,71
495305620342714369,51,114,True,6279611,56796,1285,528
714503380476026880,203,277,False,10976,256,165,28
514062859987595264,190,652,True,264434,3296,1835,1540
716416753409081344,160,87,False,51926,1923,24469,1565
693512850539683842,1044,468,True,11428321,72830,10,2
693125234317086720,1479,1140,True,15840085,31545,31410,20075
693116426824093696,314,441,True,5570386,51531,217,76
538975342011363328,45,129,True,296792,4093,1178,12718
521663202183348224,188,326,True,861452,6472,332,296
728273551883534336,1137,451,False,252313,154,16,363
687766167558164481,1694,1494,True,11773589,35680,115586,29866
519311120914722816,132,214,True,27914,813,404,523
504830161993609216,312,271,False,2761,98,511,12397
778530869208190976,66,129,False,11753,150,5121,26540
684488313512800256,748,489,True,1196389,13800,462,1590
504652021601800193,111,180,True,32716,539,773,2886
489816746405007360,37,144,True,983775,11740,895,4758
521922785254580225,27,95,True,402172,2235,7,640
407234399093022720,465,769,False,7585,6,0,3
560474897013415936,144,123,True,3681617,6062,444,37870
537006518118273025,252,316,True,3197635,24616,1146,3
516729950091493376,210,106,True,413107,1482,202,1719
724603564946010112,65,86,True,1328284,9596,114,970
778689027918618625,119,137,True,8156463,68128,70158,2549
692842124841123842,867,445,True,11428321,72830,10,2
707405809181917184,109,96,True,3734199,27689,264,10
692376812022792196,485,255,True,4295369,19611,8018,10253
693071700200722433,197,252,True,21799765,123618,1114,749
686422922894815233,743,487,True,4407231,20401,2535,4076
407213772328022016,207,335,False,330209,1294,0,0
528495998537334785,109,126,True,114242,1902,446,61
504450741126582275,237,225,True,34627,258,1047,13297
500278294055768064,30,97,True,15565107,96075,1657,4448
553016500492439552,257,282,True,868413,6109,127974,1514
751856580874960897,199,141,False,3818,74,1184,10449
765863022506151937,481,836,True,42930393,140013,3,0
501781217411215360,20,134,False,108962,2065,3557,7438
765735409984806912,114,159,True,121371,2331,6462,10056
547670441754914816,171,124,True,11773589,35680,115586,29866
265953285247209472,171,205,True,12663407,11736,5132,35862
524987184836005889,21,108,True,233069,2444,484,3143
689694470779097088,488,788,True,42930393,140013,3,0
407184730988097536,529,355,True,3191114,28220,69,183901
500258409988763649,34,85,True,4073707,34775,628,2305
539813330983354368,92,129,False,13581,492,3118,9241
533734824905670656,400,498,True,7409722,19278,1936,9
693803472806760448,959,519,True,35286039,60861,319,707
689853056440221696,196,234,True,3646846,34498,167,16238
334722003057647616,83,452,True,12757814,54772,49371,1965
687617323235147776,341,756,True,578210,7341,650,3062
707412869860696064,121,87,True,3734199,27689,264,10
538861627018579968,27,138,False,11920,19,9559,7611
693102420688121856,1626,1094,True,12947306,61498,229,0
553228463998783488,34,112,True,147411,1663,780,10138
387021726007042051,24,112,False,91130,1537,445,38328
534678919656775680,45,123,True,3197635,24616,1146,3
693926742814281729,574,380,True,17040966,104261,495,536
552677176873455616,58,152,False,25479,500,18219,5315
688502260779843587,601,477,True,12947306,61498,229,0
712223438698627073,102,82,True,905674,15638,3054,3397
693239731031683072,1032,705,True,35286039,60861,319,707
536849906997415936,135,191,True,3197635,24616,1146,3
693534177694609409,628,325,True,35286039,60861,319,707
715253497462145024,143,449,True,1007043,11182,474,1837
727834854931435522,703,871,True,2140714,5626,2059,16096
553115168084074497,429,434,True,181224,2033,944,2338
519447199164665856,85,228,True,46300960,206488,904,18483
691667941314662400,503,276,True,233236,12789,2230,14611
524988712367955970,46,228,True,14011037,98162,7035,2912
553505242554175489,21,149,True,10404101,41769,370,135
688814621034213376,82,266,True,4037974,21356,3,0
507634536176300032,1645,530,True,2302502,4523,2459,59310
693676692309700609,695,367,True,46300960,206488,904,18483
544306719686656000,55,199,True,52259,1977,250,14
521444489697583104,42,145,False,12674,42,384,8171
547158281005719552,165,103,True,441779,2153,4300,13149
524929497205055488,46,223,True,9531490,88104,560,6
650710483289419776,135,97,False,518289,2484,2,0
715268937873760256,151,288,True,11494515,84636,5667,1221
764753085675761664,404,867,True,42930393,140013,3,0
707305999971921920,184,221,False,323324,1083,201775,257497
524981436252950528,28,148,True,40228,993,13481,23921
525024518713397249,50,167,False,1098,53,786,2993
692765809425408000,187,278,True,10422199,91952,388,3351
574004164570841088,153,135,True,15423187,60462,528,32
500332933098385408,116,178,False,330,20,195,8388
531565935128498176,84,109,True,361208,4536,1510,73832
427689948398231552,58,317,True,14011037,98162,7035,2912
500278045597368320,40,147,True,3076426,23049,553,963
504131654810877952,317,551,True,57464652,186645,120,21
763404633217835009,1951,1292,True,2168740,11960,1175,2347
520132836594970625,59,147,True,241680,2378,1202,22515
538724882461097986,395,565,True,1033749,8649,970,56349
677950378785271808,3536,1849,True,144213,7232,653,1236
693855615618322432,1066,477,True,11773589,35680,115586,29866
507257950868885504,161,341,True,14011037,98162,7035,2912
531161914689482752,105,198,True,418697,6305,1316,4464
524937542131793920,17,175,True,3702,58,318,2384
693204483501887488,423,251,True,2168740,11960,1175,2347
690926324903317504,761,371,True,12947306,61498,229,0
693107789007339521,1430,1081,True,12947306,61498,229,0
692364468442021889,701,338,True,15840086,31545,31410,20075
524940659778920448,11,171,True,1837027,14526,586,879
489865454312099840,33,115,True,541230,3602,4279,1766
690567125128351744,1815,1188,True,12947306,61498,229,0
521789009576476673,86,303,True,127749,883,350,2703
407290084593913856,330,422,False,24989,61,174,4932
690522824797196288,365,329,True,42930393,140013,3,0
407185422523977728,12,112,False,504,1,602,379
514517470238240768,414,838,True,2892376,45779,145,259
543443188934250496,278,271,True,46300958,206488,904,18483
524950339074523137,209,520,True,1525,46,3532,327
531634492528939008,1058,920,True,7401908,24509,974,14389
534392174876839936,53,146,True,3197635,24616,1146,3
678277910537588737,466,259,True,1091907,9140,3922,3370
730516765525082112,79,109,True,254407,5050,68,220
427944719612915712,26,138,True,15565107,96075,1657,4448
407262953533353984,55,106,True,821833,20646,226,1584
555003887753494528,74,182,True,18974876,67270,269,0
535474861616148480,20,143,True,2087,76,1039,456
336873759271157760,112,573,True,766373,5241,1017,3141
518665533089406976,48,161,True,3076426,23049,553,963
544457299667202048,70,103,True,1803916,14245,866,1643
520338188213444608,139,216,True,17647427,117015,908,1194
524881688825167872,157,176,True,1944383,10520,9296,2746
562093717201616896,235,268,True,4048813,15576,635,22742
693216311502073856,296,385,True,5570386,51531,217,76
521717368264093696,152,267,True,36559,1022,830,53502
507918114567499776,305,327,True,57464653,186645,120,21
553271856786968576,32,100,False,25479,500,18219,5315
509114008587100160,781,649,True,11773589,35680,115586,29866
553549686129561600,29,226,True,3076426,23049,553,963
692688891174739968,528,256,True,4295369,19611,8018,10253
525711899359318016,15,138,False,109530,42,430,4788
653285570383335424,262,204,True,215090,259,4906,36536
516411927506206721,60,120,True,663394,9007,5794,18597
533811170889568256,57,93,True,152792,924,73888,13982
500279189405433858,52,89,False,122644,443,7915,61288
482880640560271361,50,173,True,766373,5241,1017,3141
510916464631889920,40,232,True,9531490,88104,560,6
692927739066740741,592,325,True,11428321,72830,10,2
554958414905094144,39,125,True,3076426,23049,553,963
407262869152358400,102,123,True,11494515,84636,5667,1221
501774251901198336,54,151,False,11468,236,2834,436
525088864416043008,35,98,True,1837027,14526,586,879
688520025754304512,897,526,True,12947306,61498,229,0
714851393861881857,188,211,False,23590,159,531,33024
536804445678755840,692,832,True,3197635,24616,1146,3
701539698452393986,126,103,True,46300958,206488,904,18483
692812029611089920,3875,2981,True,4073707,34775,628,2305
532284831783460864,433,493,True,1635350,19094,11628,2014
728101712762834944,205,118,False,140,0,153,4383
504304227246538752,15,27,True,4073707,34775,628,2305
761355585724055553,1914,680,True,12947306,61498,229,0
532602376398462976,292,183,False,1167763,3142,116,1166
407244865018155008,110,107,False,1095,3,1006,9946
509031495101874176,346,320,True,6581881,23930,2908,5654
714998347111669760,4218,2107,True,11828221,22465,1459,975
510916725953417218,41,123,True,11494515,84636,5667,1221
693452449173086210,944,488,True,11428321,72830,10,2
553098571323437056,58,113,False,9901,273,9964,18563
543586319168196608,514,374,True,7520117,44780,1823,785
525008463819464704,98,98,True,8739,511,2141,1805
688932211714818048,475,257,True,2863963,31338,98567,2213
536991428694376448,149,182,True,241680,2378,1202,22515
489820657291911168,49,206,True,7516283,52555,512,298
547101266313089024,134,188,False,205,0,0,19
514420223873941504,92,107,True,1916321,6927,369,14
547807913671405568,209,121,False,123771,1402,203,4868
407264593027670016,71,112,False,30853,263,33652,7624
764368020391223296,54,95,False,12764,27,4637,179408
532275347413544961,101,252,True,11494515,84636,5667,1221
693083689098477568,902,267,True,35286038,60861,319,707
693925198630821889,1882,1927,True,35286038,60861,319,707
553579224402235393,24,112,True,10404101,41769,370,135
524928878075457536,59,400,True,2911696,15253,1175,6119
519704006826807296,68,311,True,5410152,22121,907,1293
407292452060815360,104,153,True,5126124,11610,5772,4669
692113799546048513,1920,1269,True,15840086,31545,31410,20075
542423103834296323,298,254,True,5899179,37725,570,167508
525029684095221760,63,127,False,236098,3920,8269,293
767218194385866752,7414,3334,True,35286038,60861,319,707
552568163431247873,239,479,True,15423187,60462,528,32
683158807959089152,147,294,True,1111234,14455,2356,302
503714147138166784,53,293,False,17501,262,300,25284
693459931022913536,1223,1004,True,6314707,38762,339,133
538374385665449985,62,192,True,161437,5156,3259,925
766452700049473536,2047,718,True,57464653,186645,120,21
544567299102244864,108,127,True,300420,2507,5939,18102
510916647373516800,22,152,True,8712168,63201,1085,138
523863683928457216,672,1254,True,7516283,52555,512,298
693457310824468480,587,395,True,12947306,61498,229,0
707310135291416576,32,78,True,231823,2790,582,40318
551106793959862272,110,124,True,4073707,34775,628,2305
687673284436082689,780,392,True,11773589,35680,115586,29866
693594331735683072,533,394,True,12947306,61498,229,0
407167928313081856,346,351,True,1655943,8018,2289,19532
500389488217309184,78,125,True,116108,1970,759,1301
691616143161819136,463,497,True,974433,11919,4627,12813
552848620375261184,20,118,True,1797211,32524,661,4863
650254360727973889,78,141,False,52731,784,1740,10631
500284699546517505,52,96,True,121378,2002,4962,9649
539658034382123008,36,114,False,18688,767,2906,90730
531607884220485632,424,958,True,38843,1753,5904,21806
498280126254428160,39,120,True,290370,3966,954,161632
767715524222578688,1215,535,True,11428321,72830,10,2
616686132387028992,136,264,True,653404,14869,4,422
693126696132804608,1042,779,True,12947306,61498,229,0
692764799315398656,299,369,True,57464653,186645,120,21
687630364936957952,337,292,True,144213,7232,653,1236
532276370953752576,65,224,True,7520118,44780,1823,785
516321020815228929,18,102,True,1328284,9596,114,970
534445263528947712,20,103,True,21799765,123618,1114,749
407253198395555840,105,252,True,2650393,37581,169,1420
553103772852191233,99,199,False,2743,114,808,1564
692423131726749697,281,366,True,3588963,33385,6924,2506
504441156575297536,168,139,True,572100,2910,1367,16944
525408908484280321,624,951,True,2524610,14000,2308,667
535474881090322432,47,338,True,14011037,98162,7035,2912
517712193841037312,372,85,True,2013001,690,495,1937
489872500462190593,77,329,True,206695,6507,2362,24903
524294016435634178,58,105,True,2845,68,39,6
767768054163996672,4195,2148,True,35286040,60861,319,707
510507736287961088,25,141,True,2055527,23370,2366,58
692506143147606016,566,268,True,4073707,34775,628,2305
510922415468449792,59,129,True,478693,1680,6743,55110
407198615137181696,747,1830,False,27627,81,23750,8792
552146635707666433,141,117,True,1061828,9909,11692,4658
760109079133990912,103,124,True,2239356,3131,97,248
407290871856369664,307,338,False,873642,524,680951,308
685633217160998912,619,436,True,2955311,15522,6616,4319
532208816692416512,228,121,True,6581881,23930,2908,5654
574062768896212992,159,199,True,15423186,60462,528,32
524951893467234304,15,115,True,2911696,15253,1175,6119
516414874348298240,94,169,True,13377,432,1047,14466
538930446814703616,196,167,True,141922,1859,634,102474
523545090099523584,67,168,True,4817,138,1407,11837
692004901455556608,820,414,True,12947306,61498,229,0
531525016794697729,30,105,True,14011037,98162,7035,2912
553550301886955520,77,683,True,21799765,123618,1114,749
525040836757958657,370,676,True,2911696,15253,1175,6119
692748204064927745,432,427,True,6314707,38762,339,133
427780584979836929,15,113,True,8712168,63201,1085,138
723477822950395904,110,116,True,3076426,23049,553,963
524993533212897281,67,188,True,930913,4792,330,60
651044059222556674,966,868,True,104765,1302,981,1
499683602452717569,507,847,False,6180,173,5132,17819
527272948680622080,40,138,False,236098,3920,8269,293
523098334421319680,12,153,False,109530,42,430,4788
504448356584677377,324,948,False,7392,432,398,255
514555852351479808,85,188,True,805895,6574,706,595
707300612862566400,48,130,True,643093,7530,9583,3396
528676615207653376,135,159,True,3197635,24616,1146,3
692190570140340229,465,245,True,42930394,140013,3,0
524944881941495809,307,1007,True,2911696,15253,1175,6119
407223928084766721,130,280,True,3224372,22612,2759,1133
387031585834278912,13,108,False,55477,1521,1421,853
693492159635443714,200,257,True,11494515,84636,5667,1221
534364937939062784,38,131,True,3197635,24616,1146,3
692747901815119872,116,360,True,9531490,88104,560,6
693214543615561729,984,494,True,47430257,145524,1106,1432
531733274968989696,34,94,True,27805286,120719,71,13
547525843749470208,839,739,True,11773589,35680,115586,29866
514308277803294721,363,369,False,2419353,4968,2878353,112932
518866406512025602,256,705,True,57464653,186645,120,21
688461902821855232,311,344,True,42930394,140013,3,0
559863517151784960,459,406,True,1846430,3663,4198,11532
556541489388724224,1033,288,True,4974149,8853,19400,66027
693873151659249669,638,398,True,12947306,61498,229,0
544328894812549121,128,444,True,3076426,23049,553,963
542320823915536384,58,119,False,46494,390,32883,23605
508002575858561024,53,134,True,21799765,123618,1114,749
531973383198887936,170,132,True,2013937,11035,739,3543
633397936563560449,26,279,True,1587528,25906,2733,6848
576829262927413248,33,56,False,31135,608,17374,43167
514495841600811009,103,242,True,17040966,104261,495,536
693056396250652672,590,262,True,11428321,72830,10,2
692528931459694592,379,559,True,57464653,186645,120,21
